Date,PoslednaCena,Max,Min,SMA_20,EMA_20,WMA_20,HMA_20,TMA_20,RSI,MACD,CCI,ADX,Stoch,Signal
08.11.2024,95.0,95.0,95.0,,95.0,,,,,,,0.0,,Hold
07.11.2024,95.0,95.0,95.0,,95.0,,,,,,,0.0,,Hold
06.11.2024,95.0,95.0,95.0,,95.0,,,,,,,0.0,,Hold
05.11.2024,95.0,95.0,95.0,,95.0,,,,,,,0.0,,Hold
04.11.2024,95.0,95.0,95.0,,95.0,,,,,,,0.0,,Hold
01.11.2024,95.0,95.0,95.0,,95.0,,,,,,,0.0,,Hold
31.10.2024,95.0,95.0,95.0,,95.0,,,,,,,0.0,,Hold
30.10.2024,95.0,95.0,95.0,,95.0,,,,,,,0.0,,Hold
29.10.2024,95.0,95.0,95.0,,95.0,,,,,,,0.0,,Hold
28.10.2024,95.0,95.0,95.0,,95.0,,,,,,,0.0,,Hold
25.10.2024,95.0,95.0,95.0,,95.0,,,,,,,0.0,,Hold
24.10.2024,95.0,95.0,95.0,,95.0,,,,,,,0.0,,Hold
22.10.2024,95.0,95.0,95.0,,95.0,,,,,,,0.0,,Hold
21.10.2024,95.0,95.0,95.0,,95.0,,,,100.0,,,0.0,,Sell
18.10.2024,95.0,95.0,95.0,,95.0,,,,100.0,,,0.0,,Sell
17.10.2024,95.0,95.0,95.0,,95.0,,,,100.0,,,0.0,,Sell
16.10.2024,95.0,95.0,95.0,,95.0,,,,100.0,,,0.0,,Sell
15.10.2024,95.0,95.0,95.0,,95.0,,,,100.0,,,0.0,,Sell
14.10.2024,95.0,95.0,95.0,,95.0,,,,100.0,,,0.0,,Sell
10.10.2024,95.0,95.0,95.0,95.0,95.0,95.0,95.0,,100.0,,,0.0,,Sell
09.10.2024,95.0,95.0,95.0,95.0,95.0,95.0,95.0,,100.0,,,0.0,,Sell
08.10.2024,95.0,95.0,95.0,95.0,95.0,95.0,95.0,,100.0,,,0.0,,Sell
07.10.2024,95.0,95.0,95.0,95.0,95.0,95.0,95.0,,100.0,,,0.0,,Sell
04.10.2024,95.0,95.0,95.0,95.0,95.0,95.0,95.0,,100.0,,,0.0,,Sell
03.10.2024,95.0,95.0,95.0,95.0,95.0,95.0,95.0,,100.0,,,0.0,,Sell
02.10.2024,95.0,95.0,95.0,95.0,95.0,95.0,95.0,,100.0,0.0,,0.0,,Sell
01.10.2024,95.0,95.0,95.0,95.0,95.0,95.0,95.0,,100.0,0.0,,0.0,,Sell
30.9.2024,95.0,95.0,95.0,95.0,95.0,95.0,95.0,,100.0,0.0,,0.0,,Sell
27.9.2024,95.0,95.0,95.0,95.0,95.0,95.0,95.0,,100.0,0.0,,0.0,,Sell
26.9.2024,95.0,95.0,95.0,95.0,95.0,95.0,95.0,,100.0,0.0,,0.0,,Sell
25.9.2024,95.0,95.0,95.0,95.0,95.0,95.0,95.0,,100.0,0.0,,0.0,,Sell
24.9.2024,95.0,95.0,95.0,95.0,95.0,95.0,95.0,,100.0,0.0,,0.0,,Sell
23.9.2024,95.0,95.0,95.0,95.0,95.0,95.0,95.0,,100.0,0.0,,0.0,,Sell
20.9.2024,95.0,95.0,95.0,95.0,95.0,95.0,95.0,,100.0,0.0,,0.0,,Sell
19.9.2024,95.0,95.0,95.0,95.0,95.0,95.0,95.0,,100.0,0.0,,0.0,,Sell
18.9.2024,95.0,95.0,95.0,95.0,95.0,95.0,95.0,,100.0,0.0,,0.0,,Sell
17.9.2024,95.0,95.0,95.0,95.0,95.0,95.0,95.0,,100.0,0.0,,0.0,,Sell
16.9.2024,95.0,95.0,95.0,95.0,95.0,95.0,95.0,,100.0,0.0,,0.0,,Sell
13.9.2024,95.0,95.0,95.0,95.0,95.0,95.0,95.0,95.0,100.0,0.0,,0.0,,Sell
12.9.2024,95.0,95.0,95.0,95.0,95.0,95.0,95.0,95.0,100.0,0.0,,0.0,,Sell
11.9.2024,95.0,95.0,95.0,95.0,95.0,95.0,95.0,95.0,100.0,0.0,,0.0,,Sell
10.9.2024,95.0,95.0,95.0,95.0,95.0,95.0,95.0,95.0,100.0,0.0,,0.0,,Sell
06.9.2024,95.0,95.0,95.0,95.0,95.0,95.0,95.0,95.0,100.0,0.0,,0.0,,Sell
05.9.2024,95.0,95.0,95.0,95.0,95.0,95.0,95.0,95.0,100.0,0.0,,0.0,,Sell
04.9.2024,95.0,95.0,95.0,95.0,95.0,95.0,95.0,95.0,100.0,0.0,,0.0,,Sell
03.9.2024,95.0,95.0,95.0,95.0,95.0,95.0,95.0,95.0,100.0,0.0,,0.0,,Sell
02.9.2024,95.0,95.0,95.0,95.0,95.0,95.0,95.0,95.0,100.0,0.0,,0.0,,Sell
30.8.2024,95.0,95.0,95.0,95.0,95.0,95.0,95.0,95.0,100.0,0.0,,0.0,,Sell
29.8.2024,95.0,95.0,95.0,95.0,95.0,95.0,95.0,95.0,100.0,0.0,,0.0,,Sell
27.8.2024,95.0,95.0,95.0,95.0,95.0,95.0,95.0,95.0,100.0,0.0,,0.0,,Sell
26.8.2024,95.0,95.0,95.0,95.0,95.0,95.0,95.0,95.0,100.0,0.0,,0.0,,Sell
23.8.2024,95.0,95.0,95.0,95.0,95.0,95.0,95.0,95.0,100.0,0.0,,0.0,,Sell
22.8.2024,95.0,95.0,95.0,95.0,95.0,95.0,95.0,95.0,100.0,0.0,,0.0,,Sell
21.8.2024,95.0,95.0,95.0,95.0,95.0,95.0,95.0,95.0,100.0,0.0,,0.0,,Sell
20.8.2024,95.0,95.0,95.0,95.0,95.0,95.0,95.0,95.0,100.0,0.0,,0.0,,Sell
19.8.2024,95.0,95.0,95.0,95.0,95.0,95.0,95.0,95.0,100.0,0.0,,0.0,,Sell
16.8.2024,95.0,95.0,95.0,95.0,95.0,95.0,95.0,95.0,100.0,0.0,,0.0,,Sell
15.8.2024,95.0,95.0,95.0,95.0,95.0,95.0,95.0,95.0,100.0,0.0,,0.0,,Sell
14.8.2024,95.0,95.0,95.0,95.0,95.0,95.0,95.0,95.0,100.0,0.0,,0.0,,Sell
13.8.2024,95.0,95.0,95.0,95.0,95.0,95.0,95.0,95.0,100.0,0.0,,0.0,,Sell
12.8.2024,95.0,95.0,95.0,95.0,95.0,95.0,95.0,95.0,100.0,0.0,,0.0,,Sell
09.8.2024,95.0,95.0,95.0,95.0,95.0,95.0,95.0,95.0,100.0,0.0,,0.0,,Sell
08.8.2024,95.0,95.0,95.0,95.0,95.0,95.0,95.0,95.0,100.0,0.0,,0.0,,Sell
07.8.2024,95.0,95.0,95.0,95.0,95.0,95.0,95.0,95.0,100.0,0.0,,0.0,,Sell
06.8.2024,95.0,95.0,95.0,95.0,95.0,95.0,95.0,95.0,100.0,0.0,,0.0,,Sell
05.8.2024,95.0,95.0,95.0,95.0,95.0,95.0,95.0,95.0,100.0,0.0,,0.0,,Sell
01.8.2024,95.0,95.0,95.0,95.0,95.0,95.0,95.0,95.0,100.0,0.0,,0.0,,Sell
31.7.2024,95.0,95.0,95.0,95.0,95.0,95.0,95.0,95.0,100.0,0.0,,0.0,,Sell
30.7.2024,95.0,95.0,95.0,95.0,95.0,95.0,95.0,95.0,100.0,0.0,,0.0,,Sell
29.7.2024,95.0,95.0,95.0,95.0,95.0,95.0,95.0,95.0,100.0,0.0,,0.0,,Sell
26.7.2024,95.0,95.0,95.0,95.0,95.0,95.0,95.0,95.0,100.0,0.0,,0.0,,Sell
25.7.2024,95.0,95.0,95.0,95.0,95.0,95.0,95.0,95.0,100.0,0.0,,0.0,,Sell
24.7.2024,95.0,95.0,95.0,95.0,95.0,95.0,95.0,95.0,100.0,0.0,,0.0,,Sell
23.7.2024,95.0,95.0,95.0,95.0,95.0,95.0,95.0,95.0,100.0,0.0,,0.0,,Sell
22.7.2024,95.0,95.0,95.0,95.0,95.0,95.0,95.0,95.0,100.0,0.0,,0.0,,Sell
19.7.2024,95.0,95.0,95.0,95.0,95.0,95.0,95.0,95.0,100.0,0.0,,0.0,,Sell
18.7.2024,95.0,95.0,95.0,95.0,95.0,95.0,95.0,95.0,100.0,0.0,,0.0,,Sell
17.7.2024,95.0,95.0,95.0,95.0,95.0,95.0,95.0,95.0,100.0,0.0,,0.0,,Sell
16.7.2024,95.0,95.0,95.0,95.0,95.0,95.0,95.0,95.0,100.0,0.0,,0.0,,Sell
15.7.2024,95.0,95.0,95.0,95.0,95.0,95.0,95.0,95.0,100.0,0.0,,0.0,,Sell
12.7.2024,95.0,95.0,95.0,95.0,95.0,95.0,95.0,95.0,100.0,0.0,,0.0,,Sell
11.7.2024,95.0,95.0,95.0,95.0,95.0,95.0,95.0,95.0,100.0,0.0,,0.0,,Sell
10.7.2024,95.0,95.0,95.0,95.0,95.0,95.0,95.0,95.0,100.0,0.0,,0.0,,Sell
09.7.2024,95.0,95.0,95.0,95.0,95.0,95.0,95.0,95.0,100.0,0.0,,0.0,,Sell
08.7.2024,95.0,95.0,95.0,95.0,95.0,95.0,95.0,95.0,100.0,0.0,,0.0,,Sell
05.7.2024,95.0,95.0,95.0,95.0,95.0,95.0,95.0,95.0,100.0,0.0,,0.0,,Sell
04.7.2024,95.0,95.0,95.0,95.0,95.0,95.0,95.0,95.0,100.0,0.0,,0.0,,Sell
03.7.2024,95.0,95.0,95.0,95.0,95.0,95.0,95.0,95.0,100.0,0.0,,0.0,,Sell
02.7.2024,95.0,95.0,95.0,95.0,95.0,95.0,95.0,95.0,100.0,0.0,,0.0,,Sell
01.7.2024,95.0,95.0,95.0,95.0,95.0,95.0,95.0,95.0,100.0,0.0,,0.0,,Sell
28.6.2024,95.0,95.0,95.0,95.0,95.0,95.0,95.0,95.0,100.0,0.0,,0.0,,Sell
27.6.2024,95.0,95.0,95.0,95.0,95.0,95.0,95.0,95.0,100.0,0.0,,0.0,,Sell
26.6.2024,95.0,95.0,95.0,95.0,95.0,95.0,95.0,95.0,100.0,0.0,,0.0,,Sell
25.6.2024,95.0,95.0,95.0,95.0,95.0,95.0,95.0,95.0,100.0,0.0,,0.0,,Sell
24.6.2024,95.0,95.0,95.0,95.0,95.0,95.0,95.0,95.0,100.0,0.0,,0.0,,Sell
20.6.2024,95.0,95.0,95.0,95.0,95.0,95.0,95.0,95.0,100.0,0.0,,0.0,,Sell
19.6.2024,95.0,95.0,95.0,95.0,95.0,95.0,95.0,95.0,100.0,0.0,,0.0,,Sell
18.6.2024,95.0,95.0,95.0,95.0,95.0,95.0,95.0,95.0,100.0,0.0,,0.0,,Sell
17.6.2024,95.0,95.0,95.0,95.0,95.0,95.0,95.0,95.0,100.0,0.0,,0.0,,Sell
14.6.2024,95.0,95.0,95.0,95.0,95.0,95.0,95.0,95.0,100.0,0.0,,0.0,,Sell
13.6.2024,95.0,95.0,95.0,95.0,95.0,95.0,95.0,95.0,100.0,0.0,,0.0,,Sell
12.6.2024,95.0,95.0,95.0,95.0,95.0,95.0,95.0,95.0,100.0,0.0,,0.0,,Sell
11.6.2024,95.0,95.0,95.0,95.0,95.0,95.0,95.0,95.0,100.0,0.0,,0.0,,Sell
10.6.2024,95.0,95.0,95.0,95.0,95.0,95.0,95.0,95.0,100.0,0.0,,0.0,,Sell
07.6.2024,95.0,95.0,95.0,95.0,95.0,95.0,95.0,95.0,100.0,0.0,,0.0,,Sell
06.6.2024,95.0,95.0,95.0,95.0,95.0,95.0,95.0,95.0,100.0,0.0,,0.0,,Sell
05.6.2024,95.0,95.0,95.0,95.0,95.0,95.0,95.0,95.0,100.0,0.0,,0.0,,Sell
04.6.2024,95.0,95.0,95.0,95.0,95.0,95.0,95.0,95.0,100.0,0.0,,0.0,,Sell
03.6.2024,95.0,95.0,95.0,95.0,95.0,95.0,95.0,95.0,100.0,0.0,,0.0,,Sell
31.5.2024,95.0,95.0,95.0,95.0,95.0,95.0,95.0,95.0,100.0,0.0,,0.0,,Sell
30.5.2024,95.0,95.0,95.0,95.0,95.0,95.0,95.0,95.0,100.0,0.0,,0.0,,Sell
29.5.2024,95.0,95.0,95.0,95.0,95.0,95.0,95.0,95.0,100.0,0.0,,0.0,,Sell
28.5.2024,95.0,95.0,95.0,95.0,95.0,95.0,95.0,95.0,100.0,0.0,,0.0,,Sell
27.5.2024,95.0,95.0,95.0,95.0,95.0,95.0,95.0,95.0,100.0,0.0,,0.0,,Sell
23.5.2024,95.0,95.0,95.0,95.0,95.0,95.0,95.0,95.0,100.0,0.0,,0.0,,Sell
22.5.2024,95.0,95.0,95.0,95.0,95.0,95.0,95.0,95.0,100.0,0.0,,0.0,,Sell
21.5.2024,95.0,95.0,95.0,95.0,95.0,95.0,95.0,95.0,100.0,0.0,,0.0,,Sell
20.5.2024,95.0,95.0,95.0,95.0,95.0,95.0,95.0,95.0,100.0,0.0,,0.0,,Sell
17.5.2024,95.0,95.0,95.0,95.0,95.0,95.0,95.0,95.0,100.0,0.0,,0.0,,Sell
16.5.2024,95.0,95.0,95.0,95.0,95.0,95.0,95.0,95.0,100.0,0.0,,0.0,,Sell
15.5.2024,95.0,95.0,95.0,95.0,95.0,95.0,95.0,95.0,100.0,0.0,,0.0,,Sell
14.5.2024,95.0,95.0,95.0,95.0,95.0,95.0,95.0,95.0,100.0,0.0,,0.0,,Sell
13.5.2024,95.0,95.0,95.0,95.0,95.0,95.0,95.0,95.0,100.0,0.0,,0.0,,Sell
10.5.2024,95.0,95.0,95.0,95.0,95.0,95.0,95.0,95.0,100.0,0.0,,0.0,,Sell
09.5.2024,95.0,95.0,95.0,95.0,95.0,95.0,95.0,95.0,100.0,0.0,,0.0,,Sell
07.5.2024,95.0,95.0,95.0,95.0,95.0,95.0,95.0,95.0,100.0,0.0,,0.0,,Sell
02.5.2024,93.0,93.0,93.0,94.9,94.80952380952381,94.80952380952381,94.69999999999999,94.995,0.0,-0.15954415954415424,-666.6666666666866,7.142857142857143,0.0,Buy
30.4.2024,93.0,93.0,93.0,94.8,94.63718820861679,94.62857142857143,94.39999999999999,94.985,0.0,-0.2827249778816565,-333.3333333333307,13.775510204081632,0.0,Buy
29.4.2024,93.0,93.0,93.0,94.7,94.48126552208187,94.45714285714286,94.10000000000001,94.97,0.0,-0.3760122289679515,-222.22222222222345,19.934402332361515,0.0,Buy
26.4.2024,93.0,93.0,93.0,94.6,94.34019261521694,94.29523809523809,93.80000000000001,94.95,0.0,-0.4448154914547331,-166.66666666666518,25.653373594335694,0.0,Buy
25.4.2024,93.0,93.0,93.0,94.5,94.21255522329152,94.14285714285714,93.5,94.925,0.0,-0.49365205902751086,-133.33333333333334,30.963846909026,0.0,Buy
23.4.2024,93.0,93.0,93.0,94.4,94.09707377345424,94.0,93.19999999999999,94.89500000000001,0.0,-0.5262886625785228,-111.11111111111187,35.89500070123843,0.0,Buy
22.4.2024,93.0,93.0,93.0,94.3,93.9925905569348,93.86666666666666,92.89999999999999,94.86,0.0,-0.5458610595192965,-95.23809523809496,40.47392922257854,0.0,Buy
19.4.2024,93.0,93.0,93.0,94.2,93.89805812294101,93.74285714285715,92.60000000000001,94.82000000000001,0.0,-0.554974919692043,-83.33333333333358,44.725791420965784,0.0,Buy
18.4.2024,93.0,93.0,93.0,94.1,93.81252877789902,93.62857142857143,92.30000000000001,94.775,0.0,-0.5557909079220735,-74.07407407407365,48.67394917661108,0.0,Buy
17.4.2024,93.0,93.0,93.0,94.0,93.73514508476579,93.52380952380952,92.0,94.725,0.0,-0.5500964154194179,-66.66666666666667,52.340095663996,0.0,Buy
29.12.2015,91.0,91.0,91.0,93.8,93.47465507669287,93.23809523809524,91.8,94.66499999999999,0.0,-0.6989101729695477,-172.8395061728394,55.744374545139145,0.0,Buy
28.12.2015,91.0,91.0,91.0,93.6,93.23897364081736,92.97142857142858,91.6,94.595,0.0,-0.8075373599621543,-154.7619047619046,58.905490649057775,0.0,Buy
25.12.2015,91.0,91.0,91.0,93.4,93.02573805597763,92.72380952380952,91.4,94.515,0.0,-0.88344142544112,-142.857142857143,61.84081274555365,0.0,Buy
24.12.2015,91.0,91.0,91.0,93.2,92.832810622075,92.4952380952381,91.2,94.425,0.0,-0.9328427140592197,-135.8024691358025,64.5664689780141,0.0,Buy
23.12.2015,91.0,91.0,91.0,93.0,92.65825722949644,92.28571428571429,91.0,94.325,0.0,-0.960916741163885,-133.33333333333334,67.09743547958452,0.0,Buy
22.12.2015,91.0,91.0,91.0,92.8,92.5003279695444,92.0952380952381,90.8,94.215,0.0,-0.9719614434120984,-111.11111111111082,69.44761865961419,0.0,Buy
21.12.2015,91.0,91.0,91.0,92.6,92.35743959149256,91.92380952380952,90.6,94.095,0.0,-0.9695382164736799,-95.23809523809477,71.6299316124989,0.0,Buy
18.12.2015,91.0,91.0,91.0,92.4,92.22815963039804,91.77142857142857,90.4,93.965,0.0,-0.9565908082857675,-83.33333333333377,73.65636506874898,0.0,Buy
17.12.2015,91.0,91.0,91.0,92.2,92.11119204655061,91.63809523809523,90.2,93.825,0.0,-0.9355455077592154,-74.07407407407429,75.53805327812405,0.0,Buy
16.12.2015,91.0,91.0,91.0,92.0,92.00536423259342,91.52380952380952,90.0,93.675,0.0,-0.9083955371727654,-66.66666666666667,77.28533518682947,0.0,Sell
15.12.2015,91.0,91.0,91.0,91.9,91.90961525806073,91.42857142857143,90.1,93.525,0.0,-0.8767721068025054,-60.60606060606096,78.90781124491309,0.0,Sell
14.12.2015,91.0,91.0,91.0,91.8,91.82298523348352,91.34285714285714,90.2,93.375,0.0,-0.8420042099961478,-55.555555555555394,80.41439615599073,0.0,Sell
11.12.2015,91.0,91.0,91.0,91.7,91.74460568743747,91.26666666666667,90.3,93.225,0.0,-0.8051689152333665,-51.28205128205145,81.81336785913425,0.0,Sell
10.12.2015,91.0,91.0,91.0,91.6,91.67369086006248,91.2,90.4,93.075,0.0,-0.7671336396758335,-47.6190476190473,83.11241301205324,,Sell
09.12.2015,91.0,91.0,91.0,91.5,91.60952982577082,91.14285714285714,90.5,92.925,0.0,-0.728591658658658,-44.44444444444444,84.31866922547802,,Sell
07.12.2015,91.0,91.0,91.0,91.4,91.55147936617361,91.0952380952381,90.6,92.775,0.0,-0.690091911039417,-41.666666666667034,85.43876428080102,,Sell
04.12.2015,91.0,91.0,91.0,91.3,91.49895752177613,91.05714285714286,90.7,92.625,0.0,-0.6520639958273051,-39.215686274509586,86.4788525464581,,Sell
03.12.2015,91.0,91.0,91.0,91.2,91.45143775779746,91.02857142857142,90.8,92.475,0.0,-0.6148391164351779,-37.03703703703733,87.44464879313966,,Sell
01.12.2015,91.0,91.0,91.0,91.1,91.40844368562628,91.00952380952381,90.9,92.325,0.0,-0.578667611311019,-35.087719298244565,88.34145959362968,,Sell
30.11.2015,91.0,91.0,91.0,91.0,91.36954428699521,91.0,91.0,92.175,0.0,-0.5437336103013592,,89.17421247979898,,Sell
27.11.2015,91.0,91.0,91.0,91.0,91.33434959299566,91.0,91.0,92.035,0.0,-0.5101672720710013,,89.9474830169562,,Sell
26.11.2015,91.0,91.0,91.0,91.0,91.30250677461513,91.0,91.0,91.905,0.0,-0.47805498688114767,,90.66551994431646,,Sell
25.11.2015,91.0,91.0,91.0,91.0,91.27369660560417,91.0,91.0,91.785,0.0,-0.447447869004435,,91.33226851972243,,Sell
24.11.2015,91.0,91.0,91.0,91.0,91.2476302622133,91.0,91.0,91.675,0.0,-0.4183688123317211,,91.95139219688511,,Sell
23.11.2015,91.0,91.0,91.0,91.0,91.2240464277168,91.0,91.0,91.575,0.0,-0.39081833986928416,,92.52629275425046,,Sell
20.11.2015,91.0,91.0,91.0,91.0,91.20270867269616,91.0,91.0,91.485,0.0,-0.3647794416167329,,93.06012898608971,,Sell
19.11.2015,91.0,91.0,91.0,91.0,91.18340308482034,91.0,91.0,91.405,0.0,-0.34022156473375276,,93.55583405851188,,Sell
18.11.2015,91.0,91.0,91.0,91.0,91.16593612436127,91.0,91.0,91.33500000000001,0.0,-0.31710389407348316,,94.01613162576102,,Sell
17.11.2015,91.0,91.0,91.0,91.0,91.15013268394591,91.0,91.0,91.275,0.0,-0.29537803935021145,,94.44355079534952,,Sell
16.11.2015,91.0,91.0,91.0,91.0,91.13583433309392,91.0,91.0,91.225,0.0,-0.2749902267966462,,94.84044002425313,,Sell
13.11.2015,91.0,91.0,91.0,91.0,91.12289772994212,91.0,91.0,91.17999999999999,0.0,-0.25588307762453155,,95.20898002252076,,Sell
12.11.2015,91.0,91.0,91.0,91.0,91.11119318423336,91.0,91.0,91.14,0.0,-0.23799704248824582,,95.55119573519785,,Sell
11.11.2015,91.0,91.0,91.0,91.0,91.10060335716352,91.0,91.0,91.10499999999999,0.0,-0.22127155008816146,,95.868967468398,,Sell
10.11.2015,91.0,91.0,91.0,91.0,91.09102208505271,91.0,91.0,91.075,0.0,-0.2056459187195685,,96.16404122065528,,Sell
09.11.2015,91.0,91.0,91.0,91.0,91.0823533150477,91.0,91.0,91.05,0.0,-0.19106007170749706,,96.43803827632276,,Sell
06.11.2015,91.0,91.0,91.0,91.0,91.07451014218601,91.0,91.0,91.03,0.0,-0.17745509103754387,,96.69246411372828,,Sell
05.11.2015,91.0,91.0,91.0,91.0,91.0674139381683,91.0,91.0,91.015,0.0,-0.1647736379082403,,96.9287166770334,,Sell
04.11.2015,91.0,91.0,91.0,91.0,91.06099356310466,91.0,91.0,91.005,0.0,-0.15296026422677755,,97.1480940572453,,Sell
03.11.2015,91.0,91.0,91.0,91.0,91.0551846523328,91.0,91.0,91.0,0.0,-0.14196163511194015,,97.35180162458492,,Sell
02.11.2015,91.0,91.0,91.0,91.0,91.04992897115825,91.0,91.0,91.0,0.0,-0.13172667913751468,,97.54095865140029,,Sell
30.10.2015,91.0,91.0,91.0,91.0,91.04517383104795,91.0,91.0,91.0,0.0,-0.12220668024997394,,97.71660446201454,,Sell
29.10.2015,91.0,91.0,91.0,91.0,91.04087156142434,91.0,91.0,91.0,0.0,-0.11335532294209827,,97.87970414329922,,Sell
28.10.2015,91.0,91.0,91.0,91.0,91.03697903176489,91.0,91.0,91.0,0.0,-0.10512870028843224,,98.03115384734927,,Sell
27.10.2015,91.0,91.0,91.0,91.0,91.03345721921586,91.0,91.0,91.0,0.0,-0.09748529279293905,,98.17178571539576,,Sell
26.10.2015,91.0,91.0,91.0,91.0,91.03027081738578,91.0,91.0,91.0,0.0,-0.09038592460936457,,98.30237245001035,,Sell
22.10.2015,91.0,91.0,91.0,91.0,91.02738788239667,91.0,91.0,91.0,0.0,-0.08379370253268803,,98.4236315607239,,Sell
21.10.2015,91.0,91.0,91.0,91.0,91.02477951264461,91.0,91.0,91.0,0.0,-0.07767394218733159,,98.53622930638649,,Sell
20.10.2015,91.0,91.0,91.0,91.0,91.02241955905941,91.0,91.0,91.0,0.0,-0.07199408502572169,,98.64078435593032,,Sell
19.10.2015,91.0,91.0,91.0,91.0,91.02028436295852,91.0,91.0,91.0,0.0,-0.06672360907262487,,98.73787118764959,,Sell
16.10.2015,91.0,91.0,91.0,91.0,91.01835251886723,91.0,91.0,91.0,0.0,-0.06183393578659491,,98.82802324567463,,Sell
15.10.2015,91.0,91.0,91.0,91.0,91.0166046599275,91.0,91.0,91.0,0.0,-0.05729833494100944,,98.91173587098358,,Sell
14.10.2015,91.0,91.0,91.0,91.0,91.01502326374393,91.0,91.0,91.0,0.0,-0.05309182903701526,,98.98946902305617,,Sell
13.10.2015,91.0,91.0,91.0,91.0,91.0135924767207,91.0,91.0,91.0,0.0,-0.04919109843943659,,99.06164980712359,,Sell
09.10.2015,91.0,91.0,91.0,91.0,91.01229795512826,91.0,91.0,91.0,0.0,-0.045574388159991486,,99.12867482090049,,Sell
08.10.2015,91.0,91.0,91.0,91.0,91.01112672130652,91.0,91.0,91.0,0.0,-0.0422214169933568,,99.1909123336933,,Sell
07.10.2015,91.0,91.0,91.0,91.0,91.01006703356305,91.0,91.0,91.0,0.0,-0.03911328953238069,,99.24870430985807,,Sell
06.10.2015,91.0,91.0,91.0,91.0,91.00910826846182,91.0,91.0,91.0,0.0,-0.03623241144150313,,99.30236828772536,,Sell
05.10.2015,91.0,91.0,91.0,91.0,91.0082408143226,91.0,91.0,91.0,0.0,-0.03356240824847134,,99.3521991243164,,Sell
02.10.2015,91.0,91.0,91.0,91.0,91.00745597486332,91.0,91.0,91.0,0.0,-0.031088047818059295,,99.39847061543665,,Sell
01.10.2015,91.0,91.0,91.0,91.0,91.0067458820192,91.0,91.0,91.0,0.0,-0.028795166594022703,,99.44143700004831,,Sell
30.9.2015,91.0,91.0,91.0,91.0,91.00610341706499,91.0,91.0,91.0,0.0,-0.026670599633945358,,99.48133435718772,,Sell
29.9.2015,91.0,91.0,91.0,91.0,91.00552213924928,91.0,91.0,91.0,0.0,-0.02470211441297465,,99.51838190310288,,Sell
28.9.2015,91.0,91.0,91.0,91.0,91.00499622122554,91.0,91.0,91.0,0.0,-0.02287834833485647,,99.55278319573839,,Sell
25.9.2015,91.0,91.0,91.0,91.0,91.00452039063263,91.0,91.0,91.0,0.0,-0.02118874985957575,,99.58472725318565,,Sell
24.9.2015,91.0,91.0,91.0,91.0,91.00408987723905,91.0,91.0,91.0,0.0,-0.019623523135535947,,99.61438959224381,,Sell
23.9.2015,91.0,91.0,91.0,91.0,91.00370036512105,91.0,91.0,91.0,0.0,-0.0181735760083086,,99.64193319279782,,Sell
22.9.2015,91.0,91.0,91.0,91.0,91.00334794939523,91.0,91.0,91.0,0.0,-0.016830471267510916,,99.66750939331226,,Sell
21.9.2015,91.0,91.0,91.0,91.0,91.00302909707189,91.0,91.0,91.0,0.0,-0.015586380986064796,,99.69125872236138,,Sell
18.9.2015,91.0,91.0,91.0,91.0,91.00274061163647,91.0,91.0,91.0,0.0,-0.014434043802751262,,99.71331167076414,,Sell
17.9.2015,91.0,91.0,91.0,91.0,91.00247960100442,91.0,91.0,91.0,0.0,-0.013366724997567303,,99.73378940856671,,Sell
16.9.2015,91.0,91.0,91.0,91.0,91.00224344852782,91.0,91.0,91.0,0.0,-0.012378179210060125,,99.75280445081194,,Sell
15.9.2015,91.0,91.0,91.0,91.0,91.00202978676327,91.0,91.0,91.0,0.0,-0.011462615653357489,,99.77046127575395,,Sell
14.9.2015,91.0,91.0,91.0,91.0,91.00183647373821,91.0,91.0,91.0,0.0,-0.010614665679824498,,99.78685689891438,,Sell
11.9.2015,91.0,91.0,91.0,91.0,91.00166157147743,91.0,91.0,91.0,0.0,-0.009829352558895721,,99.80208140613477,,Sell
10.9.2015,91.0,91.0,91.0,91.0,91.00150332657482,91.0,91.0,91.0,0.0,-0.009102063332449006,,99.81621844855373,,Sell
09.9.2015,91.0,91.0,91.0,91.0,91.00136015261532,91.0,91.0,91.0,0.0,-0.008428522618459056,,99.82934570222847,,Sell
07.9.2015,91.0,91.0,91.0,91.0,91.00123061427101,91.0,91.0,91.0,0.0,-0.007804768240049498,,99.84153529492643,,Sell
04.9.2015,91.0,91.0,91.0,91.0,91.00111341291188,91.0,91.0,91.0,0.0,-0.007227128561936524,,99.85285420243169,,Sell
03.9.2015,91.0,91.0,91.0,91.0,91.00100737358694,91.0,91.0,91.0,0.0,-0.006692201423120991,,99.8633646165437,,Sell
02.9.2015,91.0,91.0,91.0,91.0,91.00091143324534,91.0,91.0,91.0,0.0,-0.006196834560228126,,99.87312428679058,,Sell
01.9.2015,91.0,91.0,91.0,91.0,91.00082463007912,91.0,91.0,91.0,0.0,-0.005738107421947802,,99.88218683773412,,Sell
31.8.2015,91.0,91.0,91.0,91.0,91.00074609388112,91.0,91.0,91.0,0.0,-0.005313314280314785,,99.89060206361026,,Sell
27.8.2015,91.0,91.0,91.0,91.0,91.00067503732102,91.0,91.0,91.0,0.0,-0.004919948550764275,,99.89841620192382,,Sell
26.8.2015,91.0,91.0,91.0,91.0,91.00061074805235,91.0,91.0,91.0,0.0,-0.00455568823785768,,99.9056721875007,,Sell
25.8.2015,91.0,91.0,91.0,91.0,91.00055258157118,91.0,91.0,91.0,0.0,-0.004218382428746281,,99.91240988839351,,Sell
24.8.2015,91.0,91.0,91.0,91.0,91.00049995475489,91.0,91.0,91.0,0.0,-0.0039060387614426872,,99.91866632493682,,Sell
21.8.2015,91.0,91.0,91.0,91.0,91.00045234001634,91.0,91.0,91.0,0.0,-0.003616811799773245,,99.92447587315563,,Sell
20.8.2015,91.0,91.0,91.0,91.0,91.00040926001479,91.0,91.0,91.0,0.0,-0.0033489922508920245,,99.92987045364451,,Sell
19.8.2015,91.0,91.0,91.0,91.0,91.00037028287053,91.0,91.0,91.0,0.0,-0.0031009969661255354,,99.93487970695561,,Sell
18.8.2015,91.0,91.0,91.0,91.0,91.00033501783525,91.0,91.0,91.0,0.0,-0.002871359669327944,,99.93953115645878,,Sell
17.8.2015,91.0,91.0,91.0,91.0,91.00030311137476,91.0,91.0,91.0,0.0,-0.0026587223608061095,,99.94385035956887,,Sell
14.8.2015,91.0,91.0,91.0,91.0,91.00027424362479,91.0,91.0,91.0,0.0,-0.002461827348597012,,99.9478610481711,,Sell
13.8.2015,91.0,91.0,91.0,91.0,91.00024812518434,91.0,91.0,91.0,0.0,-0.0022795098621060106,,99.95158525901603,,Sell
12.8.2015,91.0,91.0,91.0,91.0,91.00022449421441,91.0,91.0,91.0,0.0,-0.002110691206183901,,99.9550434548006,,Sell
11.8.2015,91.0,91.0,91.0,91.0,91.00020311381304,91.0,91.0,91.0,0.0,-0.0019543724164208243,,99.95825463660056,,Sell
10.8.2015,91.0,91.0,91.0,91.0,91.00018376964037,91.0,91.0,91.0,0.0,-0.0018096283798172408,,99.96123644827195,,Sell
07.8.2015,91.0,91.0,91.0,91.0,91.00016626776987,91.0,91.0,91.0,0.0,-0.0016756023866975056,,99.96400527339539,,Sell
06.8.2015,91.0,91.0,91.0,91.0,91.00015043274418,91.0,91.0,91.0,0.0,-0.0015515010828153208,,99.96657632529572,,Sell
05.8.2015,91.0,91.0,91.0,91.0,91.00013610581617,91.0,91.0,91.0,0.0,-0.0014365897925188165,,99.96896373063173,,Sell
04.8.2015,91.0,91.0,91.0,91.0,91.00012314335748,91.0,91.0,91.0,0.0,-0.0013301881856904174,,99.97118060701517,,Sell
31.7.2015,91.0,91.0,91.0,91.0,91.00011141541869,91.0,91.0,91.0,0.0,-0.0012316662636919773,,99.9732391350855,,Sell
30.7.2015,91.0,91.0,91.0,91.0,91.00010080442644,91.0,91.0,91.0,0.0,-0.0011404406408814793,,99.97515062543654,,Sell
29.7.2015,91.0,91.0,91.0,91.0,91.00009120400487,91.0,91.0,91.0,0.0,-0.0010559711000297511,,99.97692558076251,,Sell
28.7.2015,91.0,91.0,91.0,91.0,91.00008251790918,91.0,91.0,91.0,0.0,-0.0009777574016567314,,99.9785737535652,,Sell
27.7.2015,91.0,91.0,91.0,91.0,91.00007465906069,91.0,91.0,91.0,0.0,-0.0009053363285573823,,99.98010419973912,,Sell
24.7.2015,91.0,91.0,91.0,91.0,91.00006754867395,91.0,91.0,91.0,0.0,-0.0008382789484500108,,99.98152532832918,,Sell
23.7.2015,91.0,91.0,91.0,91.0,91.00006111546692,91.0,91.0,91.0,0.0,-0.0007761880785750463,,99.98284494773425,,Sell
22.7.2015,91.0,91.0,91.0,91.0,91.00005529494626,91.0,91.0,91.0,0.0,-0.0007186959374791968,,99.98407030861038,,Sell
21.7.2015,91.0,91.0,91.0,91.0,91.00005002876091,91.0,91.0,91.0,0.0,-0.0006654619701009779,,99.98520814370964,,Sell
20.7.2015,91.0,91.0,91.0,91.0,91.00004526411702,91.0,91.0,91.0,0.0,-0.0006161708335952198,,99.98626470487325,,Sell
16.7.2015,91.0,91.0,91.0,91.0,91.00004095324874,91.0,91.0,91.0,0.0,-0.0005705305319736453,,99.98724579738231,,Sell
15.7.2015,91.0,91.0,91.0,91.0,91.00003705293935,91.0,91.0,91.0,0.0,-0.0005282706884486288,,99.988156811855,,Sell
14.7.2015,91.0,91.0,91.0,91.0,91.00003352408798,91.0,91.0,91.0,0.0,-0.000489140945646227,,99.98900275386536,,Sell
13.7.2015,91.0,91.0,91.0,91.0,91.0000303313177,91.0,91.0,91.0,0.0,-0.000452909483939834,,99.98978827144641,,Sell
10.7.2015,91.0,91.0,91.0,91.0,91.00002744262079,91.0,91.0,91.0,0.0,-0.0004193616494632124,,99.99051768062881,,Sell
09.7.2015,91.0,91.0,91.0,91.0,91.00002482903787,91.0,91.0,91.0,0.0,-0.00038829868343270846,,99.99119498915533,,Sell
08.7.2015,91.0,91.0,91.0,91.0,91.0000224643676,91.0,91.0,91.0,0.0,-0.0003595365455737465,,99.99182391850138,,Sell
07.7.2015,91.0,91.0,91.0,91.0,91.00002032490403,91.0,91.0,91.0,0.0,-0.0003329048244893329,,99.9924079243227,,Sell
06.7.2015,91.0,91.0,91.0,91.0,91.00001838919889,91.0,91.0,91.0,0.0,-0.0003082457287888474,,99.99295021544252,,Sell
03.7.2015,91.0,91.0,91.0,91.0,91.00001663784661,91.0,91.0,91.0,0.0,-0.0002854131526248693,,99.99345377148234,,Sell
02.7.2015,91.0,91.0,91.0,91.0,91.0000150532898,91.0,91.0,91.0,0.0,-0.0002642718105789754,,99.9939213592336,,Sell
01.7.2015,91.0,91.0,91.0,91.0,91.00001361964316,91.0,91.0,91.0,0.0,-0.0002446964364963833,,99.99435554785977,,Sell
30.6.2015,91.0,91.0,91.0,91.0,91.00001232253429,91.0,91.0,91.0,0.0,-0.0002265710415798594,,99.99475872301264,,Sell
29.6.2015,91.0,91.0,91.0,91.0,91.0000111489596,91.0,91.0,91.0,0.0,-0.00020978822742279135,,99.9951330999403,,Sell
26.6.2015,91.0,91.0,91.0,91.0,91.00001008715392,91.0,91.0,91.0,0.0,-0.00019424854991711982,,99.99548073565884,,Sell
25.6.2015,91.0,91.0,91.0,91.0,91.0000091264726,91.0,91.0,91.0,0.0,-0.00017985993021341073,,99.99580354025464,,Sell
24.6.2015,91.0,91.0,91.0,91.0,91.00000825728475,91.0,91.0,91.0,0.0,-0.00016653710929404042,,99.99610328737931,,Sell
23.6.2015,91.0,91.0,91.0,91.0,91.00000747087668,91.0,91.0,91.0,0.0,-0.00015420114296205156,,99.99638162399508,,Sell
22.6.2015,91.0,91.0,91.0,91.0,91.00000675936462,91.0,91.0,91.0,0.0,-0.00014277893407665943,,99.996640079424,,Sell
19.6.2015,91.0,91.0,91.0,91.0,91.00000611561562,91.0,91.0,91.0,0.0,-0.0001322027996621955,,99.99688007375086,,Sell
18.6.2015,91.0,91.0,91.0,91.0,91.00000553317604,91.0,91.0,91.0,0.0,-0.00012241006984936575,,99.9971029256258,,Sell
17.6.2015,91.0,91.0,91.0,91.0,91.00000500620689,91.0,91.0,91.0,0.0,-0.00011334271664509288,,99.99730985950967,,Sell
16.6.2015,91.0,91.0,91.0,91.0,91.00000452942528,91.0,91.0,91.0,0.0,-0.00010494701010088647,,99.99750201240184,,Sell
15.6.2015,91.0,91.0,91.0,91.0,91.00000409805145,91.0,91.0,91.0,0.0,-9.717320001811913e-05,,99.99768044008742,,Sell
12.6.2015,91.0,91.0,91.0,91.0,91.00000370776084,91.0,91.0,91.0,0.0,-8.997522117226708e-05,,99.99784612293831,,Sell
11.6.2015,91.0,91.0,91.0,91.0,91.00000335464077,91.0,91.0,91.0,0.0,-8.331042042186709e-05,,99.99799997129988,,Sell
10.6.2015,91.0,91.0,91.0,91.0,91.00000303515118,91.0,91.0,91.0,0.0,-7.713930391162194e-05,,99.99814283049274,,Sell
09.6.2015,91.0,91.0,91.0,91.0,91.00000274608917,91.0,91.0,91.0,0.0,-7.14253031901535e-05,,99.99827548545754,,Sell
08.6.2015,91.0,91.0,91.0,91.0,91.00000248455687,91.0,91.0,91.0,0.0,-6.61345584518358e-05,,99.99839866506771,,Sell
05.6.2015,91.0,91.0,91.0,91.0,91.00000224793241,91.0,91.0,91.0,0.0,-6.123571787952642e-05,,99.9985130461343,,Sell
04.6.2015,91.0,91.0,91.0,91.0,91.00000203384361,91.0,91.0,91.0,0.0,-5.6699751979749635e-05,,99.99861925712472,,Sell
03.6.2015,91.0,91.0,91.0,91.0,91.00000184014422,91.0,91.0,91.0,0.0,-5.24997815318784e-05,,99.9987178816158,,Sell
02.6.2015,91.0,91.0,91.0,91.0,91.0000016648924,91.0,91.0,91.0,0.0,-4.8610918284452964e-05,,99.99880946150039,,Sell
01.6.2015,91.0,91.0,91.0,91.0,91.00000150633122,91.0,91.0,91.0,0.0,-4.5010117503352376e-05,,99.99889449996465,,Sell
28.5.2015,91.0,91.0,91.0,91.0,91.0000013628711,91.0,91.0,91.0,0.0,-4.167604150495663e-05,,99.99897346425288,,Sell
27.5.2015,91.0,91.0,91.0,91.0,91.00000123307386,91.0,91.0,91.0,0.0,-3.8588933051642016e-05,,99.99904678823482,,Sell
26.5.2015,91.0,91.0,91.0,91.0,91.00000111563826,91.0,91.0,91.0,0.0,-3.5730498410657674e-05,,99.99911487478948,,Sell
22.5.2015,91.0,91.0,91.0,91.0,91.00000100938699,91.0,91.0,91.0,0.0,-3.3083798911093254e-05,,99.9991780980188,,Sell
21.5.2015,91.0,91.0,91.0,91.0,91.00000091325491,91.0,91.0,91.0,0.0,-3.063315061524463e-05,,99.99923680530318,,Sell
20.5.2015,91.0,91.0,91.0,91.0,91.00000082627825,91.0,91.0,91.0,0.0,-2.8364031280148083e-05,,99.9992913192101,,Sell
19.5.2015,91.0,91.0,91.0,91.0,91.00000074758509,91.0,91.0,91.0,0.0,-2.626299439612012e-05,,99.99934193926651,,Sell
18.5.2015,91.0,91.0,91.0,91.0,91.00000067638652,91.0,91.0,91.0,0.0,-2.4317589506495096e-05,,99.99938894360461,,Sell
15.5.2015,91.0,91.0,91.0,91.0,91.00000061196876,91.0,91.0,91.0,0.0,-2.2516288339602397e-05,,99.99943259048999,,Sell
14.5.2015,91.0,91.0,91.0,91.0,91.00000055368602,91.0,91.0,91.0,0.0,-2.084841662508552e-05,,99.99947311974071,,Sell
13.5.2015,91.0,91.0,91.0,91.0,91.00000050095403,91.0,91.0,91.0,0.0,-1.930409074191175e-05,,99.99951075404495,,Sell
12.5.2015,91.0,91.0,91.0,91.0,91.00000045324413,91.0,91.0,91.0,0.0,-1.7874159155439884e-05,,99.9995457001846,,Sell
11.5.2015,91.0,91.0,91.0,91.0,91.00000041007803,91.0,91.0,91.0,0.0,-1.6550148288274613e-05,,99.9995781501714,,Sell
08.5.2015,91.0,91.0,91.0,91.0,91.00000037102299,91.0,91.0,91.0,0.0,-1.5324212142786564e-05,,99.99960828230202,,Sell
07.5.2015,91.0,91.0,91.0,91.0,91.00000033568747,91.0,91.0,91.0,0.0,-1.4189085973725923e-05,,99.9996362621376,,Sell
06.5.2015,91.0,91.0,91.0,91.0,91.00000030371724,91.0,91.0,91.0,0.0,-1.3138043129856669e-05,,99.99966224341348,,Sell
05.5.2015,91.0,91.0,91.0,91.0,91.0000002747918,91.0,91.0,91.0,0.0,-1.2164855220930804e-05,,99.99968636888396,,Sell
04.5.2015,91.0,91.0,91.0,91.0,91.00000024862116,91.0,91.0,91.0,0.0,-1.1263755240520368e-05,,99.99970877110653,,Sell
30.4.2015,91.0,91.0,91.0,91.0,91.00000022494297,91.0,91.0,91.0,0.0,-1.0429403317857577e-05,,99.99972957317036,,Sell
29.4.2015,91.0,91.0,91.0,91.0,91.00000020351983,91.0,91.0,91.0,0.0,-9.656855226580774e-06,,99.99974888937247,,Sell
28.4.2015,91.0,91.0,91.0,91.0,91.000000184137,91.0,91.0,91.0,0.0,-8.941532854578327e-06,,99.99976682584587,,Sell
27.4.2015,91.0,91.0,91.0,91.0,91.00000016660015,91.0,91.0,91.0,0.0,-8.279197274418948e-06,,99.99978348114259,,Sell
24.4.2015,91.0,91.0,91.0,91.0,91.00000015073347,91.0,91.0,91.0,0.0,-7.665923561717136e-06,,99.99979894677526,,Sell
23.4.2015,91.0,91.0,91.0,91.0,91.0000001363779,91.0,91.0,91.0,0.0,-7.098077531964009e-06,,99.99981330771989,,Sell
22.4.2015,91.0,91.0,91.0,91.0,91.00000012338954,91.0,91.0,91.0,0.0,-6.572294140028134e-06,,99.99982664288277,,Sell
21.4.2015,91.0,91.0,91.0,91.0,91.00000011163816,91.0,91.0,91.0,0.0,-6.085457627591495e-06,,99.999839025534,,Sell
20.4.2015,91.0,91.0,91.0,91.0,91.00000010100595,91.0,91.0,91.0,0.0,-5.634683091670922e-06,,99.99985052371015,,Sell
17.4.2015,91.0,91.0,91.0,91.0,91.00000009138634,91.0,91.0,91.0,0.0,-5.217299232640471e-06,,99.999861200588,,Sell
16.4.2015,91.0,91.0,91.0,91.0,91.00000008268289,91.0,91.0,91.0,0.0,-4.8308326938695245e-06,,99.99987111483172,,Sell
15.4.2015,91.0,91.0,91.0,91.0,91.00000007480833,91.0,91.0,91.0,0.0,-4.472993296644745e-06,,99.99988032091517,,Sell
14.4.2015,91.0,91.0,91.0,91.0,91.00000006768373,91.0,91.0,91.0,0.0,-4.141660511436385e-06,,99.99988886942121,,Sell
09.4.2015,91.0,91.0,91.0,91.0,91.00000006123767,91.0,91.0,91.0,0.0,-3.834870881291863e-06,,99.9998968073197,,Sell
08.4.2015,91.0,91.0,91.0,91.0,91.00000005540552,91.0,91.0,91.0,0.0,-3.5508064115674642e-06,,99.99990417822544,,Sell
07.4.2015,91.0,91.0,91.0,91.0,91.0000000501288,91.0,91.0,91.0,0.0,-3.287783755467899e-06,,99.9999110226379,,Sell
06.4.2015,91.0,91.0,91.0,91.0,91.00000004535464,91.0,91.0,91.0,0.0,-3.0442442522371493e-06,,99.99991737816377,,Sell
03.4.2015,91.0,91.0,91.0,91.0,91.00000004103515,91.0,91.0,91.0,0.0,-2.8187446901029034e-06,,99.9999232797235,,Sell
02.4.2015,91.0,91.0,91.0,91.0,91.00000003712705,91.0,91.0,91.0,0.0,-2.609948808185436e-06,,99.99992875974326,,Sell
01.4.2015,91.0,91.0,91.0,91.0,91.00000003359115,91.0,91.0,91.0,0.0,-2.4166192815755494e-06,,99.99993384833303,,Sell
31.3.2015,91.0,91.0,91.0,91.0,91.000000030392,91.0,91.0,91.0,0.0,-2.2376104595878132e-06,,99.9999385734521,,Sell
30.3.2015,91.0,91.0,91.0,91.0,91.00000002749753,91.0,91.0,91.0,0.0,-2.071861544550302e-06,,99.99994296106266,,Sell
27.3.2015,91.0,91.0,91.0,91.0,91.00000002487873,91.0,91.0,91.0,0.0,-1.918390324817665e-06,,99.99994703527247,,Sell
26.3.2015,91.0,91.0,91.0,91.0,91.00000002250933,91.0,91.0,91.0,0.0,-1.7762873341098384e-06,,99.99995081846728,,Sell
25.3.2015,91.0,91.0,91.0,91.0,91.00000002036559,91.0,91.0,91.0,0.0,-1.6447104940198187e-06,,99.9999543314339,,Sell
24.3.2015,91.0,91.0,91.0,91.0,91.00000001842602,91.0,91.0,91.0,0.0,-1.522880083371092e-06,,99.99995759347432,,Sell
23.3.2015,91.0,91.0,91.0,91.0,91.00000001667117,91.0,91.0,91.0,0.0,-1.4100741623224167e-06,,99.99996062251186,,Sell
20.3.2015,91.0,91.0,91.0,91.0,91.00000001508344,91.0,91.0,91.0,0.0,-1.3056242096354254e-06,,99.99996343518958,,Sell
19.3.2015,91.0,91.0,91.0,91.0,91.00000001364693,91.0,91.0,91.0,0.0,-1.208911299954707e-06,,99.99996604696176,,Sell
18.3.2015,91.0,91.0,91.0,91.0,91.00000001234723,91.0,91.0,91.0,0.0,-1.1193623095095973e-06,,99.99996847217878,,Sell
17.3.2015,91.0,91.0,91.0,91.0,91.00000001117131,91.0,91.0,91.0,0.0,-1.0364465765633213e-06,,99.999970724166,,Sell
16.3.2015,91.0,91.0,91.0,91.0,91.00000001010739,91.0,91.0,91.0,0.0,-9.596727466032462e-07,,99.99997281529701,,Sell
13.3.2015,91.0,91.0,91.0,91.0,91.00000000914478,91.0,91.0,91.0,0.0,-8.885858733265195e-07,,99.99997475706151,,Sell
12.3.2015,91.0,91.0,91.0,91.0,91.00000000827386,91.0,91.0,91.0,0.0,-8.227646901559638e-07,,99.99997656012854,,Sell
11.3.2015,91.0,91.0,91.0,91.0,91.00000000748588,91.0,91.0,91.0,0.0,-7.618191659730655e-07,,99.99997823440508,,Sell
10.3.2015,91.0,91.0,91.0,91.0,91.00000000677295,91.0,91.0,91.0,0.0,-7.053881176943833e-07,,99.99997978909042,,Sell
09.3.2015,91.0,91.0,91.0,91.0,91.00000000612792,91.0,91.0,91.0,0.0,-6.531371354867588e-07,,99.99998123272681,,Sell
06.3.2015,91.0,91.0,91.0,91.0,91.00000000554431,91.0,91.0,91.0,0.0,-6.047565932476573e-07,,99.99998257324633,,Sell
05.3.2015,91.0,91.0,91.0,91.0,91.00000000501629,91.0,91.0,91.0,0.0,-5.599598011940543e-07,,99.99998381801446,,Sell
04.3.2015,91.0,91.0,91.0,91.0,91.00000000453855,91.0,91.0,91.0,0.0,-5.184813005598699e-07,,99.99998497387057,,Sell
03.3.2015,91.0,91.0,91.0,91.0,91.00000000410631,91.0,91.0,91.0,0.0,-4.800752719802404e-07,,99.99998604716552,,Sell
02.3.2015,91.0,91.0,91.0,91.0,91.00000000371524,91.0,91.0,91.0,0.0,-4.445141428277566e-07,,99.99998704379655,,Sell
27.2.2015,91.0,91.0,91.0,91.0,91.00000000336142,91.0,91.0,91.0,0.0,-4.115871661269921e-07,,99.99998796923965,,Sell
26.2.2015,91.0,91.0,91.0,91.0,91.0000000030413,91.0,91.0,91.0,0.0,-3.8109922684270714e-07,,99.99998882857969,,Sell
25.2.2015,91.0,91.0,91.0,91.0,91.00000000275165,91.0,91.0,91.0,0.0,-3.5286964816805266e-07,,99.99998962653828,,Sell
24.2.2015,91.0,91.0,91.0,91.0,91.00000000248959,91.0,91.0,91.0,0.0,-3.267311399213213e-07,,99.99999036749982,,Sell
23.2.2015,91.0,91.0,91.0,91.0,91.00000000225249,91.0,91.0,91.0,0.0,-3.025288322078268e-07,,99.99999105553555,,Sell
20.2.2015,91.0,91.0,91.0,91.0,91.00000000203798,91.0,91.0,91.0,0.0,-2.8011928066007385e-07,,99.99999169442586,,Sell
19.2.2015,91.0,91.0,91.0,91.0,91.00000000184389,91.0,91.0,91.0,0.0,-2.593696990516037e-07,,99.99999228768115,,Sell
18.2.2015,91.0,91.0,91.0,91.0,91.00000000166828,91.0,91.0,91.0,0.0,-2.401571350674203e-07,,99.99999283856107,,Sell
17.2.2015,91.0,91.0,91.0,91.0,91.0000000015094,91.0,91.0,91.0,0.0,-2.2236770291783614e-07,,99.99999335009241,,Sell
16.2.2015,91.0,91.0,91.0,91.0,91.00000000136566,91.0,91.0,91.0,0.0,-2.0589601490428322e-07,,99.99999382508581,,Sell
13.2.2015,91.0,91.0,91.0,91.0,91.0000000012356,91.0,91.0,91.0,0.0,-1.906444424548681e-07,,99.9999942661511,,Sell
12.2.2015,91.0,91.0,91.0,91.0,91.00000000111794,91.0,91.0,91.0,0.0,-1.7652263295531156e-07,,99.99999467571173,,Sell
11.2.2015,91.0,91.0,91.0,91.0,91.00000000101147,91.0,91.0,91.0,0.0,-1.6344688447134104e-07,,99.99999505601804,,Sell
10.2.2015,91.0,91.0,91.0,91.0,91.00000000091515,91.0,91.0,91.0,0.0,-1.5133971942304925e-07,,99.99999540915961,,Sell
09.2.2015,91.0,91.0,91.0,91.0,91.000000000828,91.0,91.0,91.0,0.0,-1.4012937299412442e-07,,99.99999573707679,,Sell
06.2.2015,91.0,91.0,91.0,91.0,91.00000000074914,91.0,91.0,91.0,0.0,-1.2974942364962772e-07,,99.99999604157131,,Sell
05.2.2015,91.0,91.0,91.0,91.0,91.0000000006778,91.0,91.0,91.0,0.0,-1.2013836681035173e-07,,99.9999963243162,,Sell
04.2.2015,91.0,91.0,91.0,91.0,91.00000000061326,91.0,91.0,91.0,0.0,-1.112392169488885e-07,,99.99999658686504,,Sell
03.2.2015,91.0,91.0,91.0,91.0,91.00000000055485,91.0,91.0,91.0,0.0,-1.0299928021595406e-07,,99.9999968306604,,Sell
02.2.2015,91.0,91.0,91.0,91.0,91.00000000050201,91.0,91.0,91.0,0.0,-9.536969969303755e-08,,99.9999970570418,,Sell
30.1.2015,91.0,91.0,91.0,91.0,91.00000000045421,91.0,91.0,91.0,0.0,-8.830528486214462e-08,,99.9999972672531,,Sell
29.1.2015,91.0,91.0,91.0,91.0,91.00000000041095,91.0,91.0,91.0,0.0,-8.176414212357486e-08,,99.9999974624493,,Sell
28.1.2015,91.0,91.0,91.0,91.0,91.00000000037181,91.0,91.0,91.0,0.0,-7.570753268737462e-08,,99.99999764370293,,Sell
27.1.2015,91.0,91.0,91.0,91.0,91.00000000033641,91.0,91.0,91.0,0.0,-7.009955993453332e-08,,99.99999781200985,,Sell
26.1.2015,91.0,91.0,91.0,91.0,91.00000000030438,91.0,91.0,91.0,0.0,-6.49069988867268e-08,,99.99999796829486,,Sell
23.1.2015,91.0,91.0,91.0,91.0,91.00000000027539,91.0,91.0,91.0,0.0,-6.009906883264193e-08,,99.99999811341665,,Sell
22.1.2015,91.0,91.0,91.0,91.0,91.00000000024917,91.0,91.0,91.0,0.0,-5.564729121942946e-08,,99.9999982481726,,Sell
21.1.2015,91.0,91.0,91.0,91.0,91.00000000022544,91.0,91.0,91.0,0.0,-5.152526227902854e-08,,99.99999837330313,,Sell
20.1.2015,91.0,91.0,91.0,91.0,91.00000000020398,91.0,91.0,91.0,0.0,-4.7708567763038445e-08,,99.99999848949577,,Sell
16.1.2015,91.0,91.0,91.0,91.0,91.00000000018456,91.0,91.0,91.0,0.0,-4.417458399075258e-08,,99.99999859738894,,Sell
15.1.2015,91.0,91.0,91.0,91.0,91.00000000016699,91.0,91.0,91.0,0.0,-4.090239258403017e-08,,99.99999869757544,,Sell
14.1.2015,91.0,91.0,91.0,91.0,91.00000000015109,91.0,91.0,91.0,0.0,-3.787258151533024e-08,,99.99999879060576,,Sell
13.1.2015,91.0,91.0,91.0,91.0,91.00000000013671,91.0,91.0,91.0,0.0,-3.506721668600221e-08,,99.99999887699106,,Sell
12.1.2015,91.0,91.0,91.0,91.0,91.00000000012369,91.0,91.0,91.0,0.0,-3.246964297431987e-08,,99.99999895720599,,Sell
09.1.2015,91.0,91.0,91.0,91.0,91.00000000011191,91.0,91.0,91.0,0.0,-3.006448423548136e-08,,99.99999903169127,,Sell
08.1.2015,91.0,91.0,91.0,91.0,91.00000000010125,91.0,91.0,91.0,0.0,-2.7837472771352623e-08,,99.99999910085617,,Sell
05.1.2015,91.0,91.0,91.0,91.0,91.00000000009162,91.0,91.0,91.0,0.0,-2.577544933046738e-08,,99.99999916508072,,Sell
02.1.2015,91.0,91.0,91.0,91.0,91.00000000008289,91.0,91.0,91.0,0.0,-2.386616415606113e-08,,99.99999922471781,,Sell
30.12.2014,91.0,91.0,91.0,91.0,91.000000000075,91.0,91.0,91.0,0.0,-2.2098305407780572e-08,,99.99999928009511,,Sell
29.12.2014,91.0,91.0,91.0,91.0,91.00000000006787,91.0,91.0,91.0,0.0,-2.0461385474845883e-08,,99.99999933151689,,Sell
26.12.2014,91.0,91.0,91.0,91.0,91.00000000006142,91.0,91.0,91.0,0.0,-1.89457125543413e-08,,99.99999937926567,,Sell
25.12.2014,91.0,91.0,91.0,91.0,91.00000000005558,91.0,91.0,91.0,0.0,-1.754233380779624e-08,,99.99999942360384,,Sell
24.12.2014,91.0,91.0,91.0,91.0,91.00000000005029,91.0,91.0,91.0,0.0,-1.624289325263817e-08,,99.99999946477499,,Sell
23.12.2014,91.0,91.0,91.0,91.0,91.0000000000455,91.0,91.0,91.0,0.0,-1.5039717027320876e-08,,99.99999950300536,,Sell
22.12.2014,91.0,91.0,91.0,91.0,91.00000000004117,91.0,91.0,91.0,0.0,-1.392567128277733e-08,,99.99999953850498,,Sell
19.12.2014,91.0,91.0,91.0,91.0,91.00000000003725,91.0,91.0,91.0,0.0,-1.2894133760710247e-08,,99.99999957146892,,Sell
18.12.2014,91.0,91.0,91.0,91.0,91.00000000003371,91.0,91.0,91.0,0.0,-1.193902221530152e-08,,99.99999960207829,,Sell
17.12.2014,91.0,91.0,91.0,91.0,91.0000000000305,91.0,91.0,91.0,0.0,-1.1054652304665069e-08,,99.99999963050128,,Sell
16.12.2014,91.0,91.0,91.0,91.0,91.0000000000276,91.0,91.0,91.0,0.0,-1.02357944342657e-08,,99.99999965689405,,Sell
15.12.2014,91.0,91.0,91.0,91.0,91.00000000002497,91.0,91.0,91.0,0.0,-9.477588491790812e-09,,99.99999968140162,,Sell
12.12.2014,91.0,91.0,91.0,91.0,91.0000000000226,91.0,91.0,91.0,0.0,-8.775543847150402e-09,,99.99999970415865,,Sell
11.12.2014,91.0,91.0,91.0,91.0,91.00000000002045,91.0,91.0,91.0,0.0,-8.125510930767632e-09,,99.99999972529018,,Sell
10.12.2014,91.0,91.0,91.0,91.0,91.0000000000185,91.0,91.0,91.0,0.0,-7.523624390159966e-09,,99.99999974491232,,Sell
09.12.2014,91.0,91.0,91.0,91.0,91.00000000001674,91.0,91.0,91.0,0.0,-6.966303089939174e-09,,99.99999976313286,,Sell
05.12.2014,91.0,91.0,91.0,91.0,91.00000000001515,91.0,91.0,91.0,0.0,-6.450278533520759e-09,,99.99999978005194,,Sell
04.12.2014,91.0,91.0,91.0,91.0,91.00000000001371,91.0,91.0,91.0,0.0,-5.972481176286237e-09,,99.9999997957625,,Sell
02.12.2014,91.0,91.0,91.0,91.0,91.0000000000124,91.0,91.0,91.0,0.0,-5.5300688472925685e-09,,99.9999998103509,,Sell
01.12.2014,91.0,91.0,91.0,91.0,91.00000000001123,91.0,91.0,91.0,0.0,-5.1204267492721556e-09,,99.99999982389727,,Sell
28.11.2014,91.0,91.0,91.0,91.0,91.00000000001016,91.0,91.0,91.0,0.0,-4.741139036923414e-09,,99.99999983647604,,Sell
27.11.2014,91.0,91.0,91.0,91.0,91.0000000000092,91.0,91.0,91.0,0.0,-4.389931973491912e-09,,99.99999984815632,,Sell
26.11.2014,91.0,91.0,91.0,91.0,91.00000000000833,91.0,91.0,91.0,0.0,-4.0647591958986595e-09,,99.9999998590023,,Sell
25.11.2014,91.0,91.0,91.0,91.0,91.00000000000755,91.0,91.0,91.0,0.0,-3.7636596061929595e-09,,99.99999986907356,,Sell
24.11.2014,91.0,91.0,91.0,91.0,91.00000000000684,91.0,91.0,91.0,0.0,-3.4848710583901266e-09,,99.99999987842546,,Sell
21.11.2014,91.0,91.0,91.0,91.0,91.0000000000062,91.0,91.0,91.0,0.0,-3.226716671633767e-09,,99.99999988710935,,Sell
20.11.2014,91.0,91.0,91.0,91.0,91.00000000000561,91.0,91.0,91.0,0.0,-2.9876900953240693e-09,,99.99999989517298,,Sell
19.11.2014,91.0,91.0,91.0,91.0,91.00000000000509,91.0,91.0,91.0,0.0,-2.7663702439895133e-09,,99.99999990266062,,Sell
18.11.2014,91.0,91.0,91.0,91.0,91.0000000000046,91.0,91.0,91.0,0.0,-2.5614497189963004e-09,,99.99999990961342,,Sell
17.11.2014,91.0,91.0,91.0,91.0,91.00000000000418,91.0,91.0,91.0,0.0,-2.3717063868389232e-09,,99.9999999160696,,Sell
14.11.2014,91.0,91.0,91.0,91.0,91.00000000000378,91.0,91.0,91.0,0.0,-2.196031800849596e-09,,99.99999992206462,,Sell
13.11.2014,91.0,91.0,91.0,91.0,91.00000000000342,91.0,91.0,91.0,0.0,-2.033374357779394e-09,,99.99999992763142,,Sell
12.11.2014,91.0,91.0,91.0,91.0,91.0000000000031,91.0,91.0,91.0,0.0,-1.8827392977982527e-09,,99.9999999328006,,Sell
11.11.2014,91.0,91.0,91.0,91.0,91.00000000000281,91.0,91.0,91.0,0.0,-1.7432739696232602e-09,,99.99999993760056,,Sell
10.11.2014,91.0,91.0,91.0,91.0,91.00000000000256,91.0,91.0,91.0,0.0,-1.6141541436809348e-09,,99.99999994205767,,Sell
